http://www.aifb.uni-karlsruhe.de/Projekte/viewProjektOWL/id19instance,http://www.aifb.uni-karlsruhe.de/Forschungsgruppen/viewForschungsgruppeOWL/id2instance
http://www.aifb.uni-karlsruhe.de/Projekte/viewProjektOWL/id46instance,http://www.aifb.uni-karlsruhe.de/Forschungsgruppen/viewForschungsgruppeOWL/id2instance
http://www.aifb.uni-karlsruhe.de/Projekte/viewProjektOWL/id60instance,http://www.aifb.uni-karlsruhe.de/Forschungsgruppen/viewForschungsgruppeOWL/id4instance
http://www.aifb.uni-karlsruhe.de/Projekte/viewProjektOWL/id69instance,http://www.aifb.uni-karlsruhe.de/Forschungsgruppen/viewForschungsgruppeOWL/id2instance
http://www.aifb.uni-karlsruhe.de/Projekte/viewProjektOWL/id1instance,http://www.aifb.uni-karlsruhe.de/Forschungsgruppen/viewForschungsgruppeOWL/id2instance
http://www.aifb.uni-karlsruhe.de/Projekte/viewProjektOWL/id12instance,http://www.aifb.uni-karlsruhe.de/Forschungsgruppen/viewForschungsgruppeOWL/id3instance
http://www.aifb.uni-karlsruhe.de/Projekte/viewProjektOWL/id58instance,http://www.aifb.uni-karlsruhe.de/Forschungsgruppen/viewForschungsgruppeOWL/id3instance
http://www.aifb.uni-karlsruhe.de/Projekte/viewProjektOWL/id56instance,http://www.aifb.uni-karlsruhe.de/Forschungsgruppen/viewForschungsgruppeOWL/id3instance
http://www.aifb.uni-karlsruhe.de/Projekte/viewProjektOWL/id39instance,http://www.aifb.uni-karlsruhe.de/Forschungsgruppen/viewForschungsgruppeOWL/id3instance
http://www.aifb.uni-karlsruhe.de/Projekte/viewProjektOWL/id2instance,http://www.aifb.uni-karlsruhe.de/Forschungsgruppen/viewForschungsgruppeOWL/id4instance
http://www.aifb.uni-karlsruhe.de/Projekte/viewProjektOWL/id63instance,http://www.aifb.uni-karlsruhe.de/Forschungsgruppen/viewForschungsgruppeOWL/id1instance
http://www.aifb.uni-karlsruhe.de/Projekte/viewProjektOWL/id30instance,http://www.aifb.uni-karlsruhe.de/Forschungsgruppen/viewForschungsgruppeOWL/id3instance
http://www.aifb.uni-karlsruhe.de/Projekte/viewProjektOWL/id35instance,http://www.aifb.uni-karlsruhe.de/Forschungsgruppen/viewForschungsgruppeOWL/id3instance
http://www.aifb.uni-karlsruhe.de/Projekte/viewProjektOWL/id22instance,http://www.aifb.uni-karlsruhe.de/Forschungsgruppen/viewForschungsgruppeOWL/id3instance
http://www.aifb.uni-karlsruhe.de/Projekte/viewProjektOWL/id80instance,http://www.aifb.uni-karlsruhe.de/Forschungsgruppen/viewForschungsgruppeOWL/id3instance
http://www.aifb.uni-karlsruhe.de/Projekte/viewProjektOWL/id11instance,http://www.aifb.uni-karlsruhe.de/Forschungsgruppen/viewForschungsgruppeOWL/id3instance
http://www.aifb.uni-karlsruhe.de/Projekte/viewProjektOWL/id24instance,http://www.aifb.uni-karlsruhe.de/Forschungsgruppen/viewForschungsgruppeOWL/id3instance
http://www.aifb.uni-karlsruhe.de/Projekte/viewProjektOWL/id5instance,http://www.aifb.uni-karlsruhe.de/Forschungsgruppen/viewForschungsgruppeOWL/id3instance
http://www.aifb.uni-karlsruhe.de/Projekte/viewProjektOWL/id68instance,http://www.aifb.uni-karlsruhe.de/Forschungsgruppen/viewForschungsgruppeOWL/id3instance
http://www.aifb.uni-karlsruhe.de/Projekte/viewProjektOWL/id67instance,http://www.aifb.uni-karlsruhe.de/Forschungsgruppen/viewForschungsgruppeOWL/id3instance
http://www.aifb.uni-karlsruhe.de/Projekte/viewProjektOWL/id34instance,http://www.aifb.uni-karlsruhe.de/Forschungsgruppen/viewForschungsgruppeOWL/id1instance
http://www.aifb.uni-karlsruhe.de/Projekte/viewProjektOWL/id45instance,http://www.aifb.uni-karlsruhe.de/Forschungsgruppen/viewForschungsgruppeOWL/id2instance
http://www.aifb.uni-karlsruhe.de/Projekte/viewProjektOWL/id43instance,http://www.aifb.uni-karlsruhe.de/Forschungsgruppen/viewForschungsgruppeOWL/id3instance
http://www.aifb.uni-karlsruhe.de/Projekte/viewProjektOWL/id29instance,http://www.aifb.uni-karlsruhe.de/Forschungsgruppen/viewForschungsgruppeOWL/id2instance
http://www.aifb.uni-karlsruhe.de/Projekte/viewProjektOWL/id51instance,http://www.aifb.uni-karlsruhe.de/Forschungsgruppen/viewForschungsgruppeOWL/id3instance
http://www.aifb.uni-karlsruhe.de/Projekte/viewProjektOWL/id78instance,http://www.aifb.uni-karlsruhe.de/Forschungsgruppen/viewForschungsgruppeOWL/id3instance
http://www.aifb.uni-karlsruhe.de/Projekte/viewProjektOWL/id42instance,http://www.aifb.uni-karlsruhe.de/Forschungsgruppen/viewForschungsgruppeOWL/id3instance
http://www.aifb.uni-karlsruhe.de/Projekte/viewProjektOWL/id66instance,http://www.aifb.uni-karlsruhe.de/Forschungsgruppen/viewForschungsgruppeOWL/id2instance
http://www.aifb.uni-karlsruhe.de/Projekte/viewProjektOWL/id71instance,http://www.aifb.uni-karlsruhe.de/Forschungsgruppen/viewForschungsgruppeOWL/id3instance
http://www.aifb.uni-karlsruhe.de/Projekte/viewProjektOWL/id25instance,http://www.aifb.uni-karlsruhe.de/Forschungsgruppen/viewForschungsgruppeOWL/id2instance
http://www.aifb.uni-karlsruhe.de/Projekte/viewProjektOWL/id38instance,http://www.aifb.uni-karlsruhe.de/Forschungsgruppen/viewForschungsgruppeOWL/id3instance
http://www.aifb.uni-karlsruhe.de/Projekte/viewProjektOWL/id62instance,http://www.aifb.uni-karlsruhe.de/Forschungsgruppen/viewForschungsgruppeOWL/id3instance
http://www.aifb.uni-karlsruhe.de/Projekte/viewProjektOWL/id53instance,http://www.aifb.uni-karlsruhe.de/Forschungsgruppen/viewForschungsgruppeOWL/id1instance
http://www.aifb.uni-karlsruhe.de/Projekte/viewProjektOWL/id54instance,http://www.aifb.uni-karlsruhe.de/Forschungsgruppen/viewForschungsgruppeOWL/id3instance
http://www.aifb.uni-karlsruhe.de/Projekte/viewProjektOWL/id9instance,http://www.aifb.uni-karlsruhe.de/Forschungsgruppen/viewForschungsgruppeOWL/id2instance
http://www.aifb.uni-karlsruhe.de/Projekte/viewProjektOWL/id81instance,http://www.aifb.uni-karlsruhe.de/Forschungsgruppen/viewForschungsgruppeOWL/id3instance
http://www.aifb.uni-karlsruhe.de/Projekte/viewProjektOWL/id8instance,http://www.aifb.uni-karlsruhe.de/Forschungsgruppen/viewForschungsgruppeOWL/id1instance
http://www.aifb.uni-karlsruhe.de/Projekte/viewProjektOWL/id44instance,http://www.aifb.uni-karlsruhe.de/Forschungsgruppen/viewForschungsgruppeOWL/id3instance
http://www.aifb.uni-karlsruhe.de/Projekte/viewProjektOWL/id28instance,http://www.aifb.uni-karlsruhe.de/Forschungsgruppen/viewForschungsgruppeOWL/id3instance
http://www.aifb.uni-karlsruhe.de/Projekte/viewProjektOWL/id38instance,http://www.aifb.uni-karlsruhe.de/Forschungsgruppen/viewForschungsgruppeOWL/id2instance
http://www.aifb.uni-karlsruhe.de/Projekte/viewProjektOWL/id27instance,http://www.aifb.uni-karlsruhe.de/Forschungsgruppen/viewForschungsgruppeOWL/id3instance
http://www.aifb.uni-karlsruhe.de/Projekte/viewProjektOWL/id21instance,http://www.aifb.uni-karlsruhe.de/Forschungsgruppen/viewForschungsgruppeOWL/id3instance
http://www.aifb.uni-karlsruhe.de/Projekte/viewProjektOWL/id77instance,http://www.aifb.uni-karlsruhe.de/Forschungsgruppen/viewForschungsgruppeOWL/id1instance
http://www.aifb.uni-karlsruhe.de/Projekte/viewProjektOWL/id74instance,http://www.aifb.uni-karlsruhe.de/Forschungsgruppen/viewForschungsgruppeOWL/id3instance
http://www.aifb.uni-karlsruhe.de/Projekte/viewProjektOWL/id52instance,http://www.aifb.uni-karlsruhe.de/Forschungsgruppen/viewForschungsgruppeOWL/id1instance
http://www.aifb.uni-karlsruhe.de/Projekte/viewProjektOWL/id47instance,http://www.aifb.uni-karlsruhe.de/Forschungsgruppen/viewForschungsgruppeOWL/id1instance
http://www.aifb.uni-karlsruhe.de/Projekte/viewProjektOWL/id63instance,http://www.aifb.uni-karlsruhe.de/Forschungsgruppen/viewForschungsgruppeOWL/id2instance
http://www.aifb.uni-karlsruhe.de/Projekte/viewProjektOWL/id19instance,http://www.aifb.uni-karlsruhe.de/Forschungsgruppen/viewForschungsgruppeOWL/id4instance
http://www.aifb.uni-karlsruhe.de/Projekte/viewProjektOWL/id75instance,http://www.aifb.uni-karlsruhe.de/Forschungsgruppen/viewForschungsgruppeOWL/id3instance
http://www.aifb.uni-karlsruhe.de/Projekte/viewProjektOWL/id23instance,http://www.aifb.uni-karlsruhe.de/Forschungsgruppen/viewForschungsgruppeOWL/id3instance
http://www.aifb.uni-karlsruhe.de/Projekte/viewProjektOWL/id32instance,http://www.aifb.uni-karlsruhe.de/Forschungsgruppen/viewForschungsgruppeOWL/id3instance
http://www.aifb.uni-karlsruhe.de/Projekte/viewProjektOWL/id31instance,http://www.aifb.uni-karlsruhe.de/Forschungsgruppen/viewForschungsgruppeOWL/id4instance
http://www.aifb.uni-karlsruhe.de/Projekte/viewProjektOWL/id17instance,http://www.aifb.uni-karlsruhe.de/Forschungsgruppen/viewForschungsgruppeOWL/id2instance
http://www.aifb.uni-karlsruhe.de/Projekte/viewProjektOWL/id26instance,http://www.aifb.uni-karlsruhe.de/Forschungsgruppen/viewForschungsgruppeOWL/id3instance
http://www.aifb.uni-karlsruhe.de/Projekte/viewProjektOWL/id55instance,http://www.aifb.uni-karlsruhe.de/Forschungsgruppen/viewForschungsgruppeOWL/id3instance
http://www.aifb.uni-karlsruhe.de/Projekte/viewProjektOWL/id19instance,http://www.aifb.uni-karlsruhe.de/Forschungsgruppen/viewForschungsgruppeOWL/id1instance
http://www.aifb.uni-karlsruhe.de/Projekte/viewProjektOWL/id79instance,http://www.aifb.uni-karlsruhe.de/Forschungsgruppen/viewForschungsgruppeOWL/id1instance
http://www.aifb.uni-karlsruhe.de/Projekte/viewProjektOWL/id20instance,http://www.aifb.uni-karlsruhe.de/Forschungsgruppen/viewForschungsgruppeOWL/id2instance
http://www.aifb.uni-karlsruhe.de/Projekte/viewProjektOWL/id7instance,http://www.aifb.uni-karlsruhe.de/Forschungsgruppen/viewForschungsgruppeOWL/id2instance
http://www.aifb.uni-karlsruhe.de/Projekte/viewProjektOWL/id48instance,http://www.aifb.uni-karlsruhe.de/Forschungsgruppen/viewForschungsgruppeOWL/id2instance
http://www.aifb.uni-karlsruhe.de/Projekte/viewProjektOWL/id14instance,http://www.aifb.uni-karlsruhe.de/Forschungsgruppen/viewForschungsgruppeOWL/id3instance
http://www.aifb.uni-karlsruhe.de/Projekte/viewProjektOWL/id4instance,http://www.aifb.uni-karlsruhe.de/Forschungsgruppen/viewForschungsgruppeOWL/id3instance
http://www.aifb.uni-karlsruhe.de/Projekte/viewProjektOWL/id57instance,http://www.aifb.uni-karlsruhe.de/Forschungsgruppen/viewForschungsgruppeOWL/id1instance
http://www.aifb.uni-karlsruhe.de/Projekte/viewProjektOWL/id70instance,http://www.aifb.uni-karlsruhe.de/Forschungsgruppen/viewForschungsgruppeOWL/id3instance
http://www.aifb.uni-karlsruhe.de/Projekte/viewProjektOWL/id49instance,http://www.aifb.uni-karlsruhe.de/Forschungsgruppen/viewForschungsgruppeOWL/id3instance
http://www.aifb.uni-karlsruhe.de/Projekte/viewProjektOWL/id41instance,http://www.aifb.uni-karlsruhe.de/Forschungsgruppen/viewForschungsgruppeOWL/id2instance
http://www.aifb.uni-karlsruhe.de/Projekte/viewProjektOWL/id18instance,http://www.aifb.uni-karlsruhe.de/Forschungsgruppen/viewForschungsgruppeOWL/id2instance
http://www.aifb.uni-karlsruhe.de/Projekte/viewProjektOWL/id6instance,http://www.aifb.uni-karlsruhe.de/Forschungsgruppen/viewForschungsgruppeOWL/id3instance
http://www.aifb.uni-karlsruhe.de/Projekte/viewProjektOWL/id16instance,http://www.aifb.uni-karlsruhe.de/Forschungsgruppen/viewForschungsgruppeOWL/id3instance
http://www.aifb.uni-karlsruhe.de/Projekte/viewProjektOWL/id10instance,http://www.aifb.uni-karlsruhe.de/Forschungsgruppen/viewForschungsgruppeOWL/id3instance
http://www.aifb.uni-karlsruhe.de/Projekte/viewProjektOWL/id59instance,http://www.aifb.uni-karlsruhe.de/Forschungsgruppen/viewForschungsgruppeOWL/id2instance
http://www.aifb.uni-karlsruhe.de/Projekte/viewProjektOWL/id64instance,http://www.aifb.uni-karlsruhe.de/Forschungsgruppen/viewForschungsgruppeOWL/id3instance
http://www.aifb.uni-karlsruhe.de/Projekte/viewProjektOWL/id50instance,http://www.aifb.uni-karlsruhe.de/Forschungsgruppen/viewForschungsgruppeOWL/id3instance
http://www.aifb.uni-karlsruhe.de/Projekte/viewProjektOWL/id65instance,http://www.aifb.uni-karlsruhe.de/Forschungsgruppen/viewForschungsgruppeOWL/id2instance
http://www.aifb.uni-karlsruhe.de/Projekte/viewProjektOWL/id37instance,http://www.aifb.uni-karlsruhe.de/Forschungsgruppen/viewForschungsgruppeOWL/id3instance
http://www.aifb.uni-karlsruhe.de/Projekte/viewProjektOWL/id13instance,http://www.aifb.uni-karlsruhe.de/Forschungsgruppen/viewForschungsgruppeOWL/id4instance
http://www.aifb.uni-karlsruhe.de/Projekte/viewProjektOWL/id36instance,http://www.aifb.uni-karlsruhe.de/Forschungsgruppen/viewForschungsgruppeOWL/id1instance
http://www.aifb.uni-karlsruhe.de/Projekte/viewProjektOWL/id3instance,http://www.aifb.uni-karlsruhe.de/Forschungsgruppen/viewForschungsgruppeOWL/id3instance
http://www.aifb.uni-karlsruhe.de/Projekte/viewProjektOWL/id31instance,http://www.aifb.uni-karlsruhe.de/Forschungsgruppen/viewForschungsgruppeOWL/id1instance
