http://www.aifb.uni-karlsruhe.de/Publikationen/viewPublikationOWL/id373instance,October
http://www.aifb.uni-karlsruhe.de/Publikationen/viewPublikationOWL/id1186instance,June
http://www.aifb.uni-karlsruhe.de/Publikationen/viewPublikationOWL/id297instance,May
http://www.aifb.uni-karlsruhe.de/Publikationen/viewPublikationOWL/id940instance,September
http://www.aifb.uni-karlsruhe.de/Publikationen/viewPublikationOWL/id397instance,February
http://www.aifb.uni-karlsruhe.de/Publikationen/viewPublikationOWL/id1039instance,October
http://www.aifb.uni-karlsruhe.de/Publikationen/viewPublikationOWL/id1067instance,December
http://www.aifb.uni-karlsruhe.de/Publikationen/viewPublikationOWL/id392instance,February
http://www.aifb.uni-karlsruhe.de/Publikationen/viewPublikationOWL/id1188instance,April
http://www.aifb.uni-karlsruhe.de/Publikationen/viewPublikationOWL/id1327instance,July
http://www.aifb.uni-karlsruhe.de/Publikationen/viewPublikationOWL/id576instance,April
http://www.aifb.uni-karlsruhe.de/Publikationen/viewPublikationOWL/id896instance,May
http://www.aifb.uni-karlsruhe.de/Publikationen/viewPublikationOWL/id509instance,October
http://www.aifb.uni-karlsruhe.de/Publikationen/viewPublikationOWL/id890instance,July
http://www.aifb.uni-karlsruhe.de/Publikationen/viewPublikationOWL/id387instance,October
http://www.aifb.uni-karlsruhe.de/Publikationen/viewPublikationOWL/id913instance,February
http://www.aifb.uni-karlsruhe.de/Publikationen/viewPublikationOWL/id268instance,November
http://www.aifb.uni-karlsruhe.de/Publikationen/viewPublikationOWL/id988instance,August
http://www.aifb.uni-karlsruhe.de/Publikationen/viewPublikationOWL/id1199instance,July
http://www.aifb.uni-karlsruhe.de/Publikationen/viewPublikationOWL/id1231instance,June
http://www.aifb.uni-karlsruhe.de/Publikationen/viewPublikationOWL/id494instance,October
http://www.aifb.uni-karlsruhe.de/Publikationen/viewPublikationOWL/id974instance,July
http://www.aifb.uni-karlsruhe.de/Publikationen/viewPublikationOWL/id1101instance,December
http://www.aifb.uni-karlsruhe.de/Publikationen/viewPublikationOWL/id1078instance,May
http://www.aifb.uni-karlsruhe.de/Publikationen/viewPublikationOWL/id289instance,November
http://www.aifb.uni-karlsruhe.de/Publikationen/viewPublikationOWL/id1094instance,April
http://www.aifb.uni-karlsruhe.de/Publikationen/viewPublikationOWL/id1234instance,April
http://www.aifb.uni-karlsruhe.de/Publikationen/viewPublikationOWL/id440instance,April
http://www.aifb.uni-karlsruhe.de/Publikationen/viewPublikationOWL/id923instance,April
http://www.aifb.uni-karlsruhe.de/Publikationen/viewPublikationOWL/id1035instance,September
http://www.aifb.uni-karlsruhe.de/Publikationen/viewPublikationOWL/id604instance,July
http://www.aifb.uni-karlsruhe.de/Publikationen/viewPublikationOWL/id1086instance,August
http://www.aifb.uni-karlsruhe.de/Publikationen/viewPublikationOWL/id688instance,August
http://www.aifb.uni-karlsruhe.de/Publikationen/viewPublikationOWL/id460instance,July
http://www.aifb.uni-karlsruhe.de/Publikationen/viewPublikationOWL/id234instance,May
http://www.aifb.uni-karlsruhe.de/Publikationen/viewPublikationOWL/id564instance,August
http://www.aifb.uni-karlsruhe.de/Publikationen/viewPublikationOWL/id902instance,July
http://www.aifb.uni-karlsruhe.de/Publikationen/viewPublikationOWL/id1162instance,March
http://www.aifb.uni-karlsruhe.de/Publikationen/viewPublikationOWL/id845instance,December
http://www.aifb.uni-karlsruhe.de/Publikationen/viewPublikationOWL/id1034instance,September
http://www.aifb.uni-karlsruhe.de/Publikationen/viewPublikationOWL/id411instance,August
http://www.aifb.uni-karlsruhe.de/Publikationen/viewPublikationOWL/id770instance,September
http://www.aifb.uni-karlsruhe.de/Publikationen/viewPublikationOWL/id1218instance,June
http://www.aifb.uni-karlsruhe.de/Publikationen/viewPublikationOWL/id781instance,November
http://www.aifb.uni-karlsruhe.de/Publikationen/viewPublikationOWL/id579instance,August
http://www.aifb.uni-karlsruhe.de/Publikationen/viewPublikationOWL/id778instance,February
http://www.aifb.uni-karlsruhe.de/Publikationen/viewPublikationOWL/id1184instance,June
http://www.aifb.uni-karlsruhe.de/Publikationen/viewPublikationOWL/id743instance,July
http://www.aifb.uni-karlsruhe.de/Publikationen/viewPublikationOWL/id758instance,December
http://www.aifb.uni-karlsruhe.de/Publikationen/viewPublikationOWL/id704instance,November
http://www.aifb.uni-karlsruhe.de/Publikationen/viewPublikationOWL/id454instance,March
http://www.aifb.uni-karlsruhe.de/Publikationen/viewPublikationOWL/id1284instance,August
http://www.aifb.uni-karlsruhe.de/Publikationen/viewPublikationOWL/id660instance,September
http://www.aifb.uni-karlsruhe.de/Publikationen/viewPublikationOWL/id279instance,September
http://www.aifb.uni-karlsruhe.de/Publikationen/viewPublikationOWL/id1029instance,December
http://www.aifb.uni-karlsruhe.de/Publikationen/viewPublikationOWL/id492instance,March
http://www.aifb.uni-karlsruhe.de/Publikationen/viewPublikationOWL/id978instance,July
http://www.aifb.uni-karlsruhe.de/Publikationen/viewPublikationOWL/id1258instance,November
http://www.aifb.uni-karlsruhe.de/Publikationen/viewPublikationOWL/id1299instance,November
http://www.aifb.uni-karlsruhe.de/Publikationen/viewPublikationOWL/id991instance,November
http://www.aifb.uni-karlsruhe.de/Publikationen/viewPublikationOWL/id351instance,July
http://www.aifb.uni-karlsruhe.de/Publikationen/viewPublikationOWL/id339instance,July
http://www.aifb.uni-karlsruhe.de/Publikationen/viewPublikationOWL/id1125instance,January
http://www.aifb.uni-karlsruhe.de/Publikationen/viewPublikationOWL/id1256instance,November
http://www.aifb.uni-karlsruhe.de/Publikationen/viewPublikationOWL/id744instance,September
http://www.aifb.uni-karlsruhe.de/Publikationen/viewPublikationOWL/id240instance,January
http://www.aifb.uni-karlsruhe.de/Publikationen/viewPublikationOWL/id925instance,May
http://www.aifb.uni-karlsruhe.de/Publikationen/viewPublikationOWL/id1178instance,May
http://www.aifb.uni-karlsruhe.de/Publikationen/viewPublikationOWL/id919instance,June
http://www.aifb.uni-karlsruhe.de/Publikationen/viewPublikationOWL/id937instance,May
http://www.aifb.uni-karlsruhe.de/Publikationen/viewPublikationOWL/id1271instance,October
http://www.aifb.uni-karlsruhe.de/Publikationen/viewPublikationOWL/id516instance,June
http://www.aifb.uni-karlsruhe.de/Publikationen/viewPublikationOWL/id942instance,May
http://www.aifb.uni-karlsruhe.de/Publikationen/viewPublikationOWL/id365instance,October
http://www.aifb.uni-karlsruhe.de/Publikationen/viewPublikationOWL/id930instance,July
http://www.aifb.uni-karlsruhe.de/Publikationen/viewPublikationOWL/id694instance,April
http://www.aifb.uni-karlsruhe.de/Publikationen/viewPublikationOWL/id426instance,May
http://www.aifb.uni-karlsruhe.de/Publikationen/viewPublikationOWL/id1248instance,September
http://www.aifb.uni-karlsruhe.de/Publikationen/viewPublikationOWL/id771instance,May
http://www.aifb.uni-karlsruhe.de/Publikationen/viewPublikationOWL/id816instance,August
http://www.aifb.uni-karlsruhe.de/Publikationen/viewPublikationOWL/id75instance,September
http://www.aifb.uni-karlsruhe.de/Publikationen/viewPublikationOWL/id1069instance,December
http://www.aifb.uni-karlsruhe.de/Publikationen/viewPublikationOWL/id658instance,October
http://www.aifb.uni-karlsruhe.de/Publikationen/viewPublikationOWL/id727instance,March
http://www.aifb.uni-karlsruhe.de/Publikationen/viewPublikationOWL/id1089instance,August
http://www.aifb.uni-karlsruhe.de/Publikationen/viewPublikationOWL/id512instance,September
http://www.aifb.uni-karlsruhe.de/Publikationen/viewPublikationOWL/id581instance,September
http://www.aifb.uni-karlsruhe.de/Publikationen/viewPublikationOWL/id948instance,March
http://www.aifb.uni-karlsruhe.de/Publikationen/viewPublikationOWL/id1150instance,January
http://www.aifb.uni-karlsruhe.de/Publikationen/viewPublikationOWL/id1345instance,September
http://www.aifb.uni-karlsruhe.de/Publikationen/viewPublikationOWL/id935instance,April
http://www.aifb.uni-karlsruhe.de/Publikationen/viewPublikationOWL/id1272instance,September
http://www.aifb.uni-karlsruhe.de/Publikationen/viewPublikationOWL/id987instance,October
http://www.aifb.uni-karlsruhe.de/Publikationen/viewPublikationOWL/id756instance,September
http://www.aifb.uni-karlsruhe.de/Publikationen/viewPublikationOWL/id1151instance,July
http://www.aifb.uni-karlsruhe.de/Publikationen/viewPublikationOWL/id1279instance,September
http://www.aifb.uni-karlsruhe.de/Publikationen/viewPublikationOWL/id541instance,August
http://www.aifb.uni-karlsruhe.de/Publikationen/viewPublikationOWL/id1341instance,January
http://www.aifb.uni-karlsruhe.de/Publikationen/viewPublikationOWL/id607instance,November
http://www.aifb.uni-karlsruhe.de/Publikationen/viewPublikationOWL/id963instance,July
http://www.aifb.uni-karlsruhe.de/Publikationen/viewPublikationOWL/id252instance,February
http://www.aifb.uni-karlsruhe.de/Publikationen/viewPublikationOWL/id337instance,July
http://www.aifb.uni-karlsruhe.de/Publikationen/viewPublikationOWL/id971instance,October
http://www.aifb.uni-karlsruhe.de/Publikationen/viewPublikationOWL/id264instance,November
http://www.aifb.uni-karlsruhe.de/Publikationen/viewPublikationOWL/id1066instance,July
http://www.aifb.uni-karlsruhe.de/Publikationen/viewPublikationOWL/id511instance,October
http://www.aifb.uni-karlsruhe.de/Publikationen/viewPublikationOWL/id493instance,September
http://www.aifb.uni-karlsruhe.de/Publikationen/viewPublikationOWL/id1042instance,April
http://www.aifb.uni-karlsruhe.de/Publikationen/viewPublikationOWL/id1340instance,September
http://www.aifb.uni-karlsruhe.de/Publikationen/viewPublikationOWL/id1251instance,May
http://www.aifb.uni-karlsruhe.de/Publikationen/viewPublikationOWL/id1003instance,December
http://www.aifb.uni-karlsruhe.de/Publikationen/viewPublikationOWL/id1372instance,July
http://www.aifb.uni-karlsruhe.de/Publikationen/viewPublikationOWL/id834instance,September
http://www.aifb.uni-karlsruhe.de/Publikationen/viewPublikationOWL/id609instance,November
http://www.aifb.uni-karlsruhe.de/Publikationen/viewPublikationOWL/id870instance,February
http://www.aifb.uni-karlsruhe.de/Publikationen/viewPublikationOWL/id1036instance,October
http://www.aifb.uni-karlsruhe.de/Publikationen/viewPublikationOWL/id304instance,November
http://www.aifb.uni-karlsruhe.de/Publikationen/viewPublikationOWL/id767instance,September
http://www.aifb.uni-karlsruhe.de/Publikationen/viewPublikationOWL/id334instance,August
http://www.aifb.uni-karlsruhe.de/Publikationen/viewPublikationOWL/id1170instance,February
http://www.aifb.uni-karlsruhe.de/Publikationen/viewPublikationOWL/id661instance,April
http://www.aifb.uni-karlsruhe.de/Publikationen/viewPublikationOWL/id1021instance,December
http://www.aifb.uni-karlsruhe.de/Publikationen/viewPublikationOWL/id1002instance,June
http://www.aifb.uni-karlsruhe.de/Publikationen/viewPublikationOWL/id342instance,July
http://www.aifb.uni-karlsruhe.de/Publikationen/viewPublikationOWL/id979instance,January
http://www.aifb.uni-karlsruhe.de/Publikationen/viewPublikationOWL/id314instance,September
http://www.aifb.uni-karlsruhe.de/Publikationen/viewPublikationOWL/id692instance,September
http://www.aifb.uni-karlsruhe.de/Publikationen/viewPublikationOWL/id1310instance,July
http://www.aifb.uni-karlsruhe.de/Publikationen/viewPublikationOWL/id700instance,July
http://www.aifb.uni-karlsruhe.de/Publikationen/viewPublikationOWL/id1318instance,August
http://www.aifb.uni-karlsruhe.de/Publikationen/viewPublikationOWL/id265instance,November
http://www.aifb.uni-karlsruhe.de/Publikationen/viewPublikationOWL/id370instance,March
http://www.aifb.uni-karlsruhe.de/Publikationen/viewPublikationOWL/id876instance,March
http://www.aifb.uni-karlsruhe.de/Publikationen/viewPublikationOWL/id1090instance,June
http://www.aifb.uni-karlsruhe.de/Publikationen/viewPublikationOWL/id880instance,May
http://www.aifb.uni-karlsruhe.de/Publikationen/viewPublikationOWL/id469instance,July
http://www.aifb.uni-karlsruhe.de/Publikationen/viewPublikationOWL/id894instance,May
http://www.aifb.uni-karlsruhe.de/Publikationen/viewPublikationOWL/id1244instance,May
http://www.aifb.uni-karlsruhe.de/Publikationen/viewPublikationOWL/id1091instance,August
http://www.aifb.uni-karlsruhe.de/Publikationen/viewPublikationOWL/id356instance,September
http://www.aifb.uni-karlsruhe.de/Publikationen/viewPublikationOWL/id1114instance,January
http://www.aifb.uni-karlsruhe.de/Publikationen/viewPublikationOWL/id315instance,May
http://www.aifb.uni-karlsruhe.de/Publikationen/viewPublikationOWL/id1059instance,November
http://www.aifb.uni-karlsruhe.de/Publikationen/viewPublikationOWL/id1120instance,July
http://www.aifb.uni-karlsruhe.de/Publikationen/viewPublikationOWL/id444instance,May
http://www.aifb.uni-karlsruhe.de/Publikationen/viewPublikationOWL/id891instance,March
http://www.aifb.uni-karlsruhe.de/Publikationen/viewPublikationOWL/id266instance,July
http://www.aifb.uni-karlsruhe.de/Publikationen/viewPublikationOWL/id1052instance,November
http://www.aifb.uni-karlsruhe.de/Publikationen/viewPublikationOWL/id1383instance,December
http://www.aifb.uni-karlsruhe.de/Publikationen/viewPublikationOWL/id862instance,January
http://www.aifb.uni-karlsruhe.de/Publikationen/viewPublikationOWL/id944instance,August
http://www.aifb.uni-karlsruhe.de/Publikationen/viewPublikationOWL/id448instance,May
http://www.aifb.uni-karlsruhe.de/Publikationen/viewPublikationOWL/id950instance,August
http://www.aifb.uni-karlsruhe.de/Publikationen/viewPublikationOWL/id1023instance,January
http://www.aifb.uni-karlsruhe.de/Publikationen/viewPublikationOWL/id1241instance,October
http://www.aifb.uni-karlsruhe.de/Publikationen/viewPublikationOWL/id1024instance,October
http://www.aifb.uni-karlsruhe.de/Publikationen/viewPublikationOWL/id552instance,October
http://www.aifb.uni-karlsruhe.de/Publikationen/viewPublikationOWL/id1176instance,January
http://www.aifb.uni-karlsruhe.de/Publikationen/viewPublikationOWL/id259instance,January
http://www.aifb.uni-karlsruhe.de/Publikationen/viewPublikationOWL/id1050instance,November
http://www.aifb.uni-karlsruhe.de/Publikationen/viewPublikationOWL/id364instance,October
http://www.aifb.uni-karlsruhe.de/Publikationen/viewPublikationOWL/id998instance,September
http://www.aifb.uni-karlsruhe.de/Publikationen/viewPublikationOWL/id1228instance,August
http://www.aifb.uni-karlsruhe.de/Publikationen/viewPublikationOWL/id984instance,June
http://www.aifb.uni-karlsruhe.de/Publikationen/viewPublikationOWL/id885instance,June
http://www.aifb.uni-karlsruhe.de/Publikationen/viewPublikationOWL/id306instance,July
http://www.aifb.uni-karlsruhe.de/Publikationen/viewPublikationOWL/id1261instance,September
http://www.aifb.uni-karlsruhe.de/Publikationen/viewPublikationOWL/id1210instance,December
http://www.aifb.uni-karlsruhe.de/Publikationen/viewPublikationOWL/id861instance,June
http://www.aifb.uni-karlsruhe.de/Publikationen/viewPublikationOWL/id1047instance,November
http://www.aifb.uni-karlsruhe.de/Publikationen/viewPublikationOWL/id1053instance,November
http://www.aifb.uni-karlsruhe.de/Publikationen/viewPublikationOWL/id1177instance,June
http://www.aifb.uni-karlsruhe.de/Publikationen/viewPublikationOWL/id1286instance,November
http://www.aifb.uni-karlsruhe.de/Publikationen/viewPublikationOWL/id932instance,October
http://www.aifb.uni-karlsruhe.de/Publikationen/viewPublikationOWL/id640instance,August
http://www.aifb.uni-karlsruhe.de/Publikationen/viewPublikationOWL/id868instance,October
http://www.aifb.uni-karlsruhe.de/Publikationen/viewPublikationOWL/id333instance,June
http://www.aifb.uni-karlsruhe.de/Publikationen/viewPublikationOWL/id941instance,May
http://www.aifb.uni-karlsruhe.de/Publikationen/viewPublikationOWL/id906instance,August
http://www.aifb.uni-karlsruhe.de/Publikationen/viewPublikationOWL/id585instance,June
http://www.aifb.uni-karlsruhe.de/Publikationen/viewPublikationOWL/id521instance,April
http://www.aifb.uni-karlsruhe.de/Publikationen/viewPublikationOWL/id369instance,February
http://www.aifb.uni-karlsruhe.de/Publikationen/viewPublikationOWL/id1180instance,May
http://www.aifb.uni-karlsruhe.de/Publikationen/viewPublikationOWL/id1194instance,June
http://www.aifb.uni-karlsruhe.de/Publikationen/viewPublikationOWL/id343instance,June
http://www.aifb.uni-karlsruhe.de/Publikationen/viewPublikationOWL/id251instance,October
http://www.aifb.uni-karlsruhe.de/Publikationen/viewPublikationOWL/id1080instance,February
http://www.aifb.uni-karlsruhe.de/Publikationen/viewPublikationOWL/id1367instance,July
http://www.aifb.uni-karlsruhe.de/Publikationen/viewPublikationOWL/id1138instance,June
http://www.aifb.uni-karlsruhe.de/Publikationen/viewPublikationOWL/id1368instance,September
http://www.aifb.uni-karlsruhe.de/Publikationen/viewPublikationOWL/id1022instance,July
http://www.aifb.uni-karlsruhe.de/Publikationen/viewPublikationOWL/id244instance,December
http://www.aifb.uni-karlsruhe.de/Publikationen/viewPublikationOWL/id255instance,March
http://www.aifb.uni-karlsruhe.de/Publikationen/viewPublikationOWL/id911instance,January
http://www.aifb.uni-karlsruhe.de/Publikationen/viewPublikationOWL/id1171instance,February
http://www.aifb.uni-karlsruhe.de/Publikationen/viewPublikationOWL/id556instance,October
http://www.aifb.uni-karlsruhe.de/Publikationen/viewPublikationOWL/id1152instance,February
http://www.aifb.uni-karlsruhe.de/Publikationen/viewPublikationOWL/id783instance,November
http://www.aifb.uni-karlsruhe.de/Publikationen/viewPublikationOWL/id655instance,July
http://www.aifb.uni-karlsruhe.de/Publikationen/viewPublikationOWL/id361instance,October
http://www.aifb.uni-karlsruhe.de/Publikationen/viewPublikationOWL/id1154instance,September
http://www.aifb.uni-karlsruhe.de/Publikationen/viewPublikationOWL/id573instance,April
http://www.aifb.uni-karlsruhe.de/Publikationen/viewPublikationOWL/id442instance,May
http://www.aifb.uni-karlsruhe.de/Publikationen/viewPublikationOWL/id395instance,March
http://www.aifb.uni-karlsruhe.de/Publikationen/viewPublikationOWL/id1220instance,April
http://www.aifb.uni-karlsruhe.de/Publikationen/viewPublikationOWL/id689instance,November
http://www.aifb.uni-karlsruhe.de/Publikationen/viewPublikationOWL/id606instance,November
http://www.aifb.uni-karlsruhe.de/Publikationen/viewPublikationOWL/id497instance,December
http://www.aifb.uni-karlsruhe.de/Publikationen/viewPublikationOWL/id1065instance,June
http://www.aifb.uni-karlsruhe.de/Publikationen/viewPublikationOWL/id1064instance,December
http://www.aifb.uni-karlsruhe.de/Publikationen/viewPublikationOWL/id317instance,September
http://www.aifb.uni-karlsruhe.de/Publikationen/viewPublikationOWL/id330instance,October
http://www.aifb.uni-karlsruhe.de/Publikationen/viewPublikationOWL/id379instance,May
http://www.aifb.uni-karlsruhe.de/Publikationen/viewPublikationOWL/id588instance,July
http://www.aifb.uni-karlsruhe.de/Publikationen/viewPublikationOWL/id340instance,June
http://www.aifb.uni-karlsruhe.de/Publikationen/viewPublikationOWL/id308instance,July
http://www.aifb.uni-karlsruhe.de/Publikationen/viewPublikationOWL/id833instance,August
http://www.aifb.uni-karlsruhe.de/Publikationen/viewPublikationOWL/id864instance,January
http://www.aifb.uni-karlsruhe.de/Publikationen/viewPublikationOWL/id427instance,March
http://www.aifb.uni-karlsruhe.de/Publikationen/viewPublikationOWL/id431instance,April
http://www.aifb.uni-karlsruhe.de/Publikationen/viewPublikationOWL/id77instance,March
http://www.aifb.uni-karlsruhe.de/Publikationen/viewPublikationOWL/id578instance,April
http://www.aifb.uni-karlsruhe.de/Publikationen/viewPublikationOWL/id296instance,May
http://www.aifb.uni-karlsruhe.de/Publikationen/viewPublikationOWL/id1319instance,October
http://www.aifb.uni-karlsruhe.de/Publikationen/viewPublikationOWL/id696instance,June
http://www.aifb.uni-karlsruhe.de/Publikationen/viewPublikationOWL/id924instance,May
http://www.aifb.uni-karlsruhe.de/Publikationen/viewPublikationOWL/id1282instance,October
http://www.aifb.uni-karlsruhe.de/Publikationen/viewPublikationOWL/id959instance,September
http://www.aifb.uni-karlsruhe.de/Publikationen/viewPublikationOWL/id643instance,June
http://www.aifb.uni-karlsruhe.de/Publikationen/viewPublikationOWL/id273instance,October
http://www.aifb.uni-karlsruhe.de/Publikationen/viewPublikationOWL/id1381instance,October
http://www.aifb.uni-karlsruhe.de/Publikationen/viewPublikationOWL/id312instance,September
http://www.aifb.uni-karlsruhe.de/Publikationen/viewPublikationOWL/id271instance,September
http://www.aifb.uni-karlsruhe.de/Publikationen/viewPublikationOWL/id1128instance,January
http://www.aifb.uni-karlsruhe.de/Publikationen/viewPublikationOWL/id1168instance,August
http://www.aifb.uni-karlsruhe.de/Publikationen/viewPublikationOWL/id396instance,June
http://www.aifb.uni-karlsruhe.de/Publikationen/viewPublikationOWL/id78instance,May
http://www.aifb.uni-karlsruhe.de/Publikationen/viewPublikationOWL/id728instance,March
http://www.aifb.uni-karlsruhe.de/Publikationen/viewPublikationOWL/id812instance,November
http://www.aifb.uni-karlsruhe.de/Publikationen/viewPublikationOWL/id1153instance,May
http://www.aifb.uni-karlsruhe.de/Publikationen/viewPublikationOWL/id399instance,January
http://www.aifb.uni-karlsruhe.de/Publikationen/viewPublikationOWL/id986instance,July
http://www.aifb.uni-karlsruhe.de/Publikationen/viewPublikationOWL/id1010instance,September
http://www.aifb.uni-karlsruhe.de/Publikationen/viewPublikationOWL/id363instance,October
http://www.aifb.uni-karlsruhe.de/Publikationen/viewPublikationOWL/id538instance,September
http://www.aifb.uni-karlsruhe.de/Publikationen/viewPublikationOWL/id1221instance,October
http://www.aifb.uni-karlsruhe.de/Publikationen/viewPublikationOWL/id1112instance,April
http://www.aifb.uni-karlsruhe.de/Publikationen/viewPublikationOWL/id316instance,May
http://www.aifb.uni-karlsruhe.de/Publikationen/viewPublikationOWL/id1054instance,August
http://www.aifb.uni-karlsruhe.de/Publikationen/viewPublikationOWL/id602instance,May
http://www.aifb.uni-karlsruhe.de/Publikationen/viewPublikationOWL/id367instance,December
http://www.aifb.uni-karlsruhe.de/Publikationen/viewPublikationOWL/id927instance,September
http://www.aifb.uni-karlsruhe.de/Publikationen/viewPublikationOWL/id350instance,September
http://www.aifb.uni-karlsruhe.de/Publikationen/viewPublikationOWL/id777instance,December
http://www.aifb.uni-karlsruhe.de/Publikationen/viewPublikationOWL/id368instance,September
http://www.aifb.uni-karlsruhe.de/Publikationen/viewPublikationOWL/id895instance,May
http://www.aifb.uni-karlsruhe.de/Publikationen/viewPublikationOWL/id788instance,September
http://www.aifb.uni-karlsruhe.de/Publikationen/viewPublikationOWL/id341instance,July
http://www.aifb.uni-karlsruhe.de/Publikationen/viewPublikationOWL/id1068instance,December
http://www.aifb.uni-karlsruhe.de/Publikationen/viewPublikationOWL/id1306instance,October
http://www.aifb.uni-karlsruhe.de/Publikationen/viewPublikationOWL/id1126instance,December
http://www.aifb.uni-karlsruhe.de/Publikationen/viewPublikationOWL/id916instance,February
http://www.aifb.uni-karlsruhe.de/Publikationen/viewPublikationOWL/id1209instance,May
http://www.aifb.uni-karlsruhe.de/Publikationen/viewPublikationOWL/id996instance,December
http://www.aifb.uni-karlsruhe.de/Publikationen/viewPublikationOWL/id1222instance,November
http://www.aifb.uni-karlsruhe.de/Publikationen/viewPublikationOWL/id1032instance,November
http://www.aifb.uni-karlsruhe.de/Publikationen/viewPublikationOWL/id1192instance,June
http://www.aifb.uni-karlsruhe.de/Publikationen/viewPublikationOWL/id507instance,August
http://www.aifb.uni-karlsruhe.de/Publikationen/viewPublikationOWL/id388instance,October
http://www.aifb.uni-karlsruhe.de/Publikationen/viewPublikationOWL/id1040instance,October
http://www.aifb.uni-karlsruhe.de/Publikationen/viewPublikationOWL/id1109instance,June
http://www.aifb.uni-karlsruhe.de/Publikationen/viewPublikationOWL/id475instance,January
http://www.aifb.uni-karlsruhe.de/Publikationen/viewPublikationOWL/id1124instance,July
http://www.aifb.uni-karlsruhe.de/Publikationen/viewPublikationOWL/id294instance,May
http://www.aifb.uni-karlsruhe.de/Publikationen/viewPublikationOWL/id457instance,March
http://www.aifb.uni-karlsruhe.de/Publikationen/viewPublikationOWL/id698instance,November
http://www.aifb.uni-karlsruhe.de/Publikationen/viewPublikationOWL/id1328instance,August
http://www.aifb.uni-karlsruhe.de/Publikationen/viewPublikationOWL/id611instance,November
http://www.aifb.uni-karlsruhe.de/Publikationen/viewPublikationOWL/id249instance,September
http://www.aifb.uni-karlsruhe.de/Publikationen/viewPublikationOWL/id1049instance,May
http://www.aifb.uni-karlsruhe.de/Publikationen/viewPublikationOWL/id57instance,March
http://www.aifb.uni-karlsruhe.de/Publikationen/viewPublikationOWL/id1276instance,January
http://www.aifb.uni-karlsruhe.de/Publikationen/viewPublikationOWL/id769instance,September
http://www.aifb.uni-karlsruhe.de/Publikationen/viewPublikationOWL/id780instance,October
http://www.aifb.uni-karlsruhe.de/Publikationen/viewPublikationOWL/id965instance,July
http://www.aifb.uni-karlsruhe.de/Publikationen/viewPublikationOWL/id1232instance,August
http://www.aifb.uni-karlsruhe.de/Publikationen/viewPublikationOWL/id1015instance,November
http://www.aifb.uni-karlsruhe.de/Publikationen/viewPublikationOWL/id237instance,January
http://www.aifb.uni-karlsruhe.de/Publikationen/viewPublikationOWL/id779instance,May
http://www.aifb.uni-karlsruhe.de/Publikationen/viewPublikationOWL/id846instance,December
http://www.aifb.uni-karlsruhe.de/Publikationen/viewPublikationOWL/id1273instance,October
http://www.aifb.uni-karlsruhe.de/Publikationen/viewPublikationOWL/id1008instance,July
http://www.aifb.uni-karlsruhe.de/Publikationen/viewPublikationOWL/id458instance,September
http://www.aifb.uni-karlsruhe.de/Publikationen/viewPublikationOWL/id1240instance,May
http://www.aifb.uni-karlsruhe.de/Publikationen/viewPublikationOWL/id1298instance,October
http://www.aifb.uni-karlsruhe.de/Publikationen/viewPublikationOWL/id659instance,September
http://www.aifb.uni-karlsruhe.de/Publikationen/viewPublikationOWL/id654instance,July
http://www.aifb.uni-karlsruhe.de/Publikationen/viewPublikationOWL/id1072instance,December
http://www.aifb.uni-karlsruhe.de/Publikationen/viewPublikationOWL/id903instance,May
http://www.aifb.uni-karlsruhe.de/Publikationen/viewPublikationOWL/id424instance,May
http://www.aifb.uni-karlsruhe.de/Publikationen/viewPublikationOWL/id829instance,December
http://www.aifb.uni-karlsruhe.de/Publikationen/viewPublikationOWL/id766instance,October
http://www.aifb.uni-karlsruhe.de/Publikationen/viewPublikationOWL/id263instance,January
http://www.aifb.uni-karlsruhe.de/Publikationen/viewPublikationOWL/id832instance,December
http://www.aifb.uni-karlsruhe.de/Publikationen/viewPublikationOWL/id1118instance,August
http://www.aifb.uni-karlsruhe.de/Publikationen/viewPublikationOWL/id355instance,September
http://www.aifb.uni-karlsruhe.de/Publikationen/viewPublikationOWL/id1239instance,September
http://www.aifb.uni-karlsruhe.de/Publikationen/viewPublikationOWL/id1009instance,September
http://www.aifb.uni-karlsruhe.de/Publikationen/viewPublikationOWL/id1061instance,November
http://www.aifb.uni-karlsruhe.de/Publikationen/viewPublikationOWL/id810instance,August
http://www.aifb.uni-karlsruhe.de/Publikationen/viewPublikationOWL/id1060instance,December
http://www.aifb.uni-karlsruhe.de/Publikationen/viewPublikationOWL/id1309instance,November
http://www.aifb.uni-karlsruhe.de/Publikationen/viewPublikationOWL/id1308instance,September
http://www.aifb.uni-karlsruhe.de/Publikationen/viewPublikationOWL/id797instance,April
http://www.aifb.uni-karlsruhe.de/Publikationen/viewPublikationOWL/id338instance,July
http://www.aifb.uni-karlsruhe.de/Publikationen/viewPublikationOWL/id575instance,April
http://www.aifb.uni-karlsruhe.de/Publikationen/viewPublikationOWL/id912instance,February
http://www.aifb.uni-karlsruhe.de/Publikationen/viewPublikationOWL/id232instance,June
http://www.aifb.uni-karlsruhe.de/Publikationen/viewPublikationOWL/id571instance,June
http://www.aifb.uni-karlsruhe.de/Publikationen/viewPublikationOWL/id990instance,October
http://www.aifb.uni-karlsruhe.de/Publikationen/viewPublikationOWL/id159instance,October
http://www.aifb.uni-karlsruhe.de/Publikationen/viewPublikationOWL/id574instance,April
http://www.aifb.uni-karlsruhe.de/Publikationen/viewPublikationOWL/id270instance,September
http://www.aifb.uni-karlsruhe.de/Publikationen/viewPublikationOWL/id931instance,May
http://www.aifb.uni-karlsruhe.de/Publikationen/viewPublikationOWL/id802instance,September
http://www.aifb.uni-karlsruhe.de/Publikationen/viewPublikationOWL/id1001instance,October
http://www.aifb.uni-karlsruhe.de/Publikationen/viewPublikationOWL/id261instance,November
http://www.aifb.uni-karlsruhe.de/Publikationen/viewPublikationOWL/id610instance,November
http://www.aifb.uni-karlsruhe.de/Publikationen/viewPublikationOWL/id1295instance,November
http://www.aifb.uni-karlsruhe.de/Publikationen/viewPublikationOWL/id539instance,June
http://www.aifb.uni-karlsruhe.de/Publikationen/viewPublikationOWL/id582instance,October
http://www.aifb.uni-karlsruhe.de/Publikationen/viewPublikationOWL/id962instance,June
http://www.aifb.uni-karlsruhe.de/Publikationen/viewPublikationOWL/id662instance,August
http://www.aifb.uni-karlsruhe.de/Publikationen/viewPublikationOWL/id733instance,July
http://www.aifb.uni-karlsruhe.de/Publikationen/viewPublikationOWL/id972instance,August
http://www.aifb.uni-karlsruhe.de/Publikationen/viewPublikationOWL/id1062instance,November
http://www.aifb.uni-karlsruhe.de/Publikationen/viewPublikationOWL/id929instance,October
http://www.aifb.uni-karlsruhe.de/Publikationen/viewPublikationOWL/id1133instance,January
http://www.aifb.uni-karlsruhe.de/Publikationen/viewPublikationOWL/id1111instance,October
http://www.aifb.uni-karlsruhe.de/Publikationen/viewPublikationOWL/id1041instance,October
http://www.aifb.uni-karlsruhe.de/Publikationen/viewPublikationOWL/id904instance,August
http://www.aifb.uni-karlsruhe.de/Publikationen/viewPublikationOWL/id1366instance,July
http://www.aifb.uni-karlsruhe.de/Publikationen/viewPublikationOWL/id1320instance,January
http://www.aifb.uni-karlsruhe.de/Publikationen/viewPublikationOWL/id898instance,December
http://www.aifb.uni-karlsruhe.de/Publikationen/viewPublikationOWL/id599instance,November
http://www.aifb.uni-karlsruhe.de/Publikationen/viewPublikationOWL/id626instance,May
http://www.aifb.uni-karlsruhe.de/Publikationen/viewPublikationOWL/id831instance,December
http://www.aifb.uni-karlsruhe.de/Publikationen/viewPublikationOWL/id1259instance,August
http://www.aifb.uni-karlsruhe.de/Publikationen/viewPublikationOWL/id299instance,May
http://www.aifb.uni-karlsruhe.de/Publikationen/viewPublikationOWL/id548instance,May
http://www.aifb.uni-karlsruhe.de/Publikationen/viewPublikationOWL/id1179instance,May
http://www.aifb.uni-karlsruhe.de/Publikationen/viewPublikationOWL/id402instance,July
http://www.aifb.uni-karlsruhe.de/Publikationen/viewPublikationOWL/id230instance,October
http://www.aifb.uni-karlsruhe.de/Publikationen/viewPublikationOWL/id1363instance,November
http://www.aifb.uni-karlsruhe.de/Publikationen/viewPublikationOWL/id1079instance,December
http://www.aifb.uni-karlsruhe.de/Publikationen/viewPublikationOWL/id789instance,October
http://www.aifb.uni-karlsruhe.de/Publikationen/viewPublikationOWL/id947instance,October
http://www.aifb.uni-karlsruhe.de/Publikationen/viewPublikationOWL/id1293instance,October
http://www.aifb.uni-karlsruhe.de/Publikationen/viewPublikationOWL/id841instance,March
http://www.aifb.uni-karlsruhe.de/Publikationen/viewPublikationOWL/id1307instance,March
http://www.aifb.uni-karlsruhe.de/Publikationen/viewPublikationOWL/id374instance,January
http://www.aifb.uni-karlsruhe.de/Publikationen/viewPublikationOWL/id517instance,September
http://www.aifb.uni-karlsruhe.de/Publikationen/viewPublikationOWL/id869instance,October
http://www.aifb.uni-karlsruhe.de/Publikationen/viewPublikationOWL/id1303instance,December
http://www.aifb.uni-karlsruhe.de/Publikationen/viewPublikationOWL/id1270instance,September
http://www.aifb.uni-karlsruhe.de/Publikationen/viewPublikationOWL/id823instance,August
http://www.aifb.uni-karlsruhe.de/Publikationen/viewPublikationOWL/id1335instance,December
http://www.aifb.uni-karlsruhe.de/Publikationen/viewPublikationOWL/id400instance,July
http://www.aifb.uni-karlsruhe.de/Publikationen/viewPublikationOWL/id796instance,December
http://www.aifb.uni-karlsruhe.de/Publikationen/viewPublikationOWL/id1378instance,October
http://www.aifb.uni-karlsruhe.de/Publikationen/viewPublikationOWL/id842instance,July
http://www.aifb.uni-karlsruhe.de/Publikationen/viewPublikationOWL/id510instance,October
http://www.aifb.uni-karlsruhe.de/Publikationen/viewPublikationOWL/id1074instance,April
http://www.aifb.uni-karlsruhe.de/Publikationen/viewPublikationOWL/id587instance,June
http://www.aifb.uni-karlsruhe.de/Publikationen/viewPublikationOWL/id1132instance,January
http://www.aifb.uni-karlsruhe.de/Publikationen/viewPublikationOWL/id799instance,September
http://www.aifb.uni-karlsruhe.de/Publikationen/viewPublikationOWL/id1007instance,November
http://www.aifb.uni-karlsruhe.de/Publikationen/viewPublikationOWL/id983instance,September
http://www.aifb.uni-karlsruhe.de/Publikationen/viewPublikationOWL/id1058instance,December
http://www.aifb.uni-karlsruhe.de/Publikationen/viewPublikationOWL/id53instance,September
http://www.aifb.uni-karlsruhe.de/Publikationen/viewPublikationOWL/id1376instance,June
http://www.aifb.uni-karlsruhe.de/Publikationen/viewPublikationOWL/id1057instance,September
http://www.aifb.uni-karlsruhe.de/Publikationen/viewPublikationOWL/id630instance,February
http://www.aifb.uni-karlsruhe.de/Publikationen/viewPublikationOWL/id74instance,November
http://www.aifb.uni-karlsruhe.de/Publikationen/viewPublikationOWL/id881instance,April
http://www.aifb.uni-karlsruhe.de/Publikationen/viewPublikationOWL/id1051instance,May
http://www.aifb.uni-karlsruhe.de/Publikationen/viewPublikationOWL/id550instance,March
http://www.aifb.uni-karlsruhe.de/Publikationen/viewPublikationOWL/id404instance,September
http://www.aifb.uni-karlsruhe.de/Publikationen/viewPublikationOWL/id1163instance,January
http://www.aifb.uni-karlsruhe.de/Publikationen/viewPublikationOWL/id665instance,December
http://www.aifb.uni-karlsruhe.de/Publikationen/viewPublikationOWL/id1289instance,January
http://www.aifb.uni-karlsruhe.de/Publikationen/viewPublikationOWL/id613instance,August
http://www.aifb.uni-karlsruhe.de/Publikationen/viewPublikationOWL/id943instance,June
http://www.aifb.uni-karlsruhe.de/Publikationen/viewPublikationOWL/id1202instance,June
http://www.aifb.uni-karlsruhe.de/Publikationen/viewPublikationOWL/id269instance,June
http://www.aifb.uni-karlsruhe.de/Publikationen/viewPublikationOWL/id1365instance,April
http://www.aifb.uni-karlsruhe.de/Publikationen/viewPublikationOWL/id1246instance,July
http://www.aifb.uni-karlsruhe.de/Publikationen/viewPublikationOWL/id572instance,May
http://www.aifb.uni-karlsruhe.de/Publikationen/viewPublikationOWL/id319instance,September
http://www.aifb.uni-karlsruhe.de/Publikationen/viewPublikationOWL/id1017instance,November
http://www.aifb.uni-karlsruhe.de/Publikationen/viewPublikationOWL/id907instance,June
http://www.aifb.uni-karlsruhe.de/Publikationen/viewPublikationOWL/id386instance,August
http://www.aifb.uni-karlsruhe.de/Publikationen/viewPublikationOWL/id619instance,August
http://www.aifb.uni-karlsruhe.de/Publikationen/viewPublikationOWL/id1255instance,April
http://www.aifb.uni-karlsruhe.de/Publikationen/viewPublikationOWL/id1380instance,December
http://www.aifb.uni-karlsruhe.de/Publikationen/viewPublikationOWL/id1075instance,August
http://www.aifb.uni-karlsruhe.de/Publikationen/viewPublikationOWL/id227instance,October
http://www.aifb.uni-karlsruhe.de/Publikationen/viewPublikationOWL/id1266instance,November
http://www.aifb.uni-karlsruhe.de/Publikationen/viewPublikationOWL/id1056instance,October
http://www.aifb.uni-karlsruhe.de/Publikationen/viewPublikationOWL/id645instance,June
http://www.aifb.uni-karlsruhe.de/Publikationen/viewPublikationOWL/id248instance,October
http://www.aifb.uni-karlsruhe.de/Publikationen/viewPublikationOWL/id856instance,December
http://www.aifb.uni-karlsruhe.de/Publikationen/viewPublikationOWL/id295instance,May
http://www.aifb.uni-karlsruhe.de/Publikationen/viewPublikationOWL/id347instance,September
http://www.aifb.uni-karlsruhe.de/Publikationen/viewPublikationOWL/id893instance,March
http://www.aifb.uni-karlsruhe.de/Publikationen/viewPublikationOWL/id1268instance,June
http://www.aifb.uni-karlsruhe.de/Publikationen/viewPublikationOWL/id1313instance,September
http://www.aifb.uni-karlsruhe.de/Publikationen/viewPublikationOWL/id505instance,July
http://www.aifb.uni-karlsruhe.de/Publikationen/viewPublikationOWL/id590instance,August
http://www.aifb.uni-karlsruhe.de/Publikationen/viewPublikationOWL/id467instance,August
http://www.aifb.uni-karlsruhe.de/Publikationen/viewPublikationOWL/id1230instance,June
http://www.aifb.uni-karlsruhe.de/Publikationen/viewPublikationOWL/id824instance,May
http://www.aifb.uni-karlsruhe.de/Publikationen/viewPublikationOWL/id687instance,November
http://www.aifb.uni-karlsruhe.de/Publikationen/viewPublikationOWL/id405instance,September
http://www.aifb.uni-karlsruhe.de/Publikationen/viewPublikationOWL/id236instance,January
http://www.aifb.uni-karlsruhe.de/Publikationen/viewPublikationOWL/id908instance,July
http://www.aifb.uni-karlsruhe.de/Publikationen/viewPublikationOWL/id646instance,April
http://www.aifb.uni-karlsruhe.de/Publikationen/viewPublikationOWL/id671instance,June
http://www.aifb.uni-karlsruhe.de/Publikationen/viewPublikationOWL/id690instance,August
http://www.aifb.uni-karlsruhe.de/Publikationen/viewPublikationOWL/id1252instance,July
http://www.aifb.uni-karlsruhe.de/Publikationen/viewPublikationOWL/id305instance,November
http://www.aifb.uni-karlsruhe.de/Publikationen/viewPublikationOWL/id798instance,September
http://www.aifb.uni-karlsruhe.de/Publikationen/viewPublikationOWL/id839instance,August
http://www.aifb.uni-karlsruhe.de/Publikationen/viewPublikationOWL/id1102instance,July
http://www.aifb.uni-karlsruhe.de/Publikationen/viewPublikationOWL/id612instance,August
http://www.aifb.uni-karlsruhe.de/Publikationen/viewPublikationOWL/id403instance,April
http://www.aifb.uni-karlsruhe.de/Publikationen/viewPublikationOWL/id1173instance,March
http://www.aifb.uni-karlsruhe.de/Publikationen/viewPublikationOWL/id412instance,May
http://www.aifb.uni-karlsruhe.de/Publikationen/viewPublikationOWL/id837instance,April
http://www.aifb.uni-karlsruhe.de/Publikationen/viewPublikationOWL/id1297instance,October
http://www.aifb.uni-karlsruhe.de/Publikationen/viewPublikationOWL/id267instance,June
http://www.aifb.uni-karlsruhe.de/Publikationen/viewPublikationOWL/id874instance,March
http://www.aifb.uni-karlsruhe.de/Publikationen/viewPublikationOWL/id465instance,June
http://www.aifb.uni-karlsruhe.de/Publikationen/viewPublikationOWL/id336instance,July
http://www.aifb.uni-karlsruhe.de/Publikationen/viewPublikationOWL/id233instance,May
http://www.aifb.uni-karlsruhe.de/Publikationen/viewPublikationOWL/id806instance,April
http://www.aifb.uni-karlsruhe.de/Publikationen/viewPublikationOWL/id900instance,November
http://www.aifb.uni-karlsruhe.de/Publikationen/viewPublikationOWL/id229instance,October
http://www.aifb.uni-karlsruhe.de/Publikationen/viewPublikationOWL/id577instance,April
http://www.aifb.uni-karlsruhe.de/Publikationen/viewPublikationOWL/id939instance,August
http://www.aifb.uni-karlsruhe.de/Publikationen/viewPublikationOWL/id309instance,August
http://www.aifb.uni-karlsruhe.de/Publikationen/viewPublikationOWL/id536instance,November
http://www.aifb.uni-karlsruhe.de/Publikationen/viewPublikationOWL/id768instance,September
http://www.aifb.uni-karlsruhe.de/Publikationen/viewPublikationOWL/id1182instance,June
http://www.aifb.uni-karlsruhe.de/Publikationen/viewPublikationOWL/id1172instance,November
http://www.aifb.uni-karlsruhe.de/Publikationen/viewPublikationOWL/id909instance,June
http://www.aifb.uni-karlsruhe.de/Publikationen/viewPublikationOWL/id1373instance,July
http://www.aifb.uni-karlsruhe.de/Publikationen/viewPublikationOWL/id1129instance,January
http://www.aifb.uni-karlsruhe.de/Publikationen/viewPublikationOWL/id1274instance,October
http://www.aifb.uni-karlsruhe.de/Publikationen/viewPublikationOWL/id1294instance,October
http://www.aifb.uni-karlsruhe.de/Publikationen/viewPublikationOWL/id776instance,August
http://www.aifb.uni-karlsruhe.de/Publikationen/viewPublikationOWL/id349instance,March
http://www.aifb.uni-karlsruhe.de/Publikationen/viewPublikationOWL/id313instance,September
http://www.aifb.uni-karlsruhe.de/Publikationen/viewPublikationOWL/id238instance,January
http://www.aifb.uni-karlsruhe.de/Publikationen/viewPublikationOWL/id1257instance,September
http://www.aifb.uni-karlsruhe.de/Publikationen/viewPublikationOWL/id1055instance,May
http://www.aifb.uni-karlsruhe.de/Publikationen/viewPublikationOWL/id1148instance,February
http://www.aifb.uni-karlsruhe.de/Publikationen/viewPublikationOWL/id1134instance,December
http://www.aifb.uni-karlsruhe.de/Publikationen/viewPublikationOWL/id378instance,May
http://www.aifb.uni-karlsruhe.de/Publikationen/viewPublikationOWL/id584instance,March
http://www.aifb.uni-karlsruhe.de/Publikationen/viewPublikationOWL/id840instance,December
http://www.aifb.uni-karlsruhe.de/Publikationen/viewPublikationOWL/id879instance,January
http://www.aifb.uni-karlsruhe.de/Publikationen/viewPublikationOWL/id1141instance,January
http://www.aifb.uni-karlsruhe.de/Publikationen/viewPublikationOWL/id790instance,May
http://www.aifb.uni-karlsruhe.de/Publikationen/viewPublikationOWL/id997instance,September
http://www.aifb.uni-karlsruhe.de/Publikationen/viewPublikationOWL/id1215instance,July
http://www.aifb.uni-karlsruhe.de/Publikationen/viewPublikationOWL/id1025instance,November
http://www.aifb.uni-karlsruhe.de/Publikationen/viewPublikationOWL/id1076instance,November
http://www.aifb.uni-karlsruhe.de/Publikationen/viewPublikationOWL/id981instance,December
http://www.aifb.uni-karlsruhe.de/Publikationen/viewPublikationOWL/id393instance,May
http://www.aifb.uni-karlsruhe.de/Publikationen/viewPublikationOWL/id1115instance,June
http://www.aifb.uni-karlsruhe.de/Publikationen/viewPublikationOWL/id958instance,May
http://www.aifb.uni-karlsruhe.de/Publikationen/viewPublikationOWL/id1183instance,August
http://www.aifb.uni-karlsruhe.de/Publikationen/viewPublikationOWL/id357instance,October
http://www.aifb.uni-karlsruhe.de/Publikationen/viewPublikationOWL/id1214instance,July
http://www.aifb.uni-karlsruhe.de/Publikationen/viewPublikationOWL/id453instance,May
http://www.aifb.uni-karlsruhe.de/Publikationen/viewPublikationOWL/id985instance,June
http://www.aifb.uni-karlsruhe.de/Publikationen/viewPublikationOWL/id366instance,December
http://www.aifb.uni-karlsruhe.de/Publikationen/viewPublikationOWL/id1127instance,December
http://www.aifb.uni-karlsruhe.de/Publikationen/viewPublikationOWL/id583instance,July
http://www.aifb.uni-karlsruhe.de/Publikationen/viewPublikationOWL/id1360instance,November
http://www.aifb.uni-karlsruhe.de/Publikationen/viewPublikationOWL/id1281instance,November
http://www.aifb.uni-karlsruhe.de/Publikationen/viewPublikationOWL/id892instance,May
http://www.aifb.uni-karlsruhe.de/Publikationen/viewPublikationOWL/id390instance,August
http://www.aifb.uni-karlsruhe.de/Publikationen/viewPublikationOWL/id247instance,March
http://www.aifb.uni-karlsruhe.de/Publikationen/viewPublikationOWL/id1037instance,December
http://www.aifb.uni-karlsruhe.de/Publikationen/viewPublikationOWL/id335instance,July
http://www.aifb.uni-karlsruhe.de/Publikationen/viewPublikationOWL/id447instance,May
http://www.aifb.uni-karlsruhe.de/Publikationen/viewPublikationOWL/id354instance,February
http://www.aifb.uni-karlsruhe.de/Publikationen/viewPublikationOWL/id1160instance,May
http://www.aifb.uni-karlsruhe.de/Publikationen/viewPublikationOWL/id1011instance,June
http://www.aifb.uni-karlsruhe.de/Publikationen/viewPublikationOWL/id975instance,November
http://www.aifb.uni-karlsruhe.de/Publikationen/viewPublikationOWL/id1200instance,June
http://www.aifb.uni-karlsruhe.de/Publikationen/viewPublikationOWL/id76instance,January
http://www.aifb.uni-karlsruhe.de/Publikationen/viewPublikationOWL/id257instance,October
http://www.aifb.uni-karlsruhe.de/Publikationen/viewPublikationOWL/id791instance,January
http://www.aifb.uni-karlsruhe.de/Publikationen/viewPublikationOWL/id883instance,January
http://www.aifb.uni-karlsruhe.de/Publikationen/viewPublikationOWL/id993instance,December
http://www.aifb.uni-karlsruhe.de/Publikationen/viewPublikationOWL/id825instance,August
http://www.aifb.uni-karlsruhe.de/Publikationen/viewPublikationOWL/id1219instance,March
http://www.aifb.uni-karlsruhe.de/Publikationen/viewPublikationOWL/id884instance,January
http://www.aifb.uni-karlsruhe.de/Publikationen/viewPublikationOWL/id1238instance,June
http://www.aifb.uni-karlsruhe.de/Publikationen/viewPublikationOWL/id241instance,August
http://www.aifb.uni-karlsruhe.de/Publikationen/viewPublikationOWL/id755instance,November
http://www.aifb.uni-karlsruhe.de/Publikationen/viewPublikationOWL/id656instance,March
http://www.aifb.uni-karlsruhe.de/Publikationen/viewPublikationOWL/id503instance,March
http://www.aifb.uni-karlsruhe.de/Publikationen/viewPublikationOWL/id821instance,February
http://www.aifb.uni-karlsruhe.de/Publikationen/viewPublikationOWL/id1045instance,November
http://www.aifb.uni-karlsruhe.de/Publikationen/viewPublikationOWL/id1190instance,July
http://www.aifb.uni-karlsruhe.de/Publikationen/viewPublikationOWL/id1356instance,November
http://www.aifb.uni-karlsruhe.de/Publikationen/viewPublikationOWL/id464instance,June
http://www.aifb.uni-karlsruhe.de/Publikationen/viewPublikationOWL/id782instance,May
http://www.aifb.uni-karlsruhe.de/Publikationen/viewPublikationOWL/id239instance,January
http://www.aifb.uni-karlsruhe.de/Publikationen/viewPublikationOWL/id537instance,October
http://www.aifb.uni-karlsruhe.de/Publikationen/viewPublikationOWL/id889instance,May
http://www.aifb.uni-karlsruhe.de/Publikationen/viewPublikationOWL/id466instance,June
http://www.aifb.uni-karlsruhe.de/Publikationen/viewPublikationOWL/id653instance,February
http://www.aifb.uni-karlsruhe.de/Publikationen/viewPublikationOWL/id436instance,December
http://www.aifb.uni-karlsruhe.de/Publikationen/viewPublikationOWL/id914instance,April
http://www.aifb.uni-karlsruhe.de/Publikationen/viewPublikationOWL/id967instance,July
http://www.aifb.uni-karlsruhe.de/Publikationen/viewPublikationOWL/id820instance,March
http://www.aifb.uni-karlsruhe.de/Publikationen/viewPublikationOWL/id801instance,June
http://www.aifb.uni-karlsruhe.de/Publikationen/viewPublikationOWL/id586instance,June
http://www.aifb.uni-karlsruhe.de/Publikationen/viewPublikationOWL/id702instance,September
http://www.aifb.uni-karlsruhe.de/Publikationen/viewPublikationOWL/id1227instance,July
http://www.aifb.uni-karlsruhe.de/Publikationen/viewPublikationOWL/id760instance,September
http://www.aifb.uni-karlsruhe.de/Publikationen/viewPublikationOWL/id243instance,December
http://www.aifb.uni-karlsruhe.de/Publikationen/viewPublikationOWL/id817instance,December
http://www.aifb.uni-karlsruhe.de/Publikationen/viewPublikationOWL/id353instance,October
http://www.aifb.uni-karlsruhe.de/Publikationen/viewPublikationOWL/id1305instance,October
http://www.aifb.uni-karlsruhe.de/Publikationen/viewPublikationOWL/id818instance,December
http://www.aifb.uni-karlsruhe.de/Publikationen/viewPublikationOWL/id922instance,May
http://www.aifb.uni-karlsruhe.de/Publikationen/viewPublikationOWL/id804instance,February
http://www.aifb.uni-karlsruhe.de/Publikationen/viewPublikationOWL/id1382instance,September
http://www.aifb.uni-karlsruhe.de/Publikationen/viewPublikationOWL/id441instance,May
http://www.aifb.uni-karlsruhe.de/Publikationen/viewPublikationOWL/id1233instance,May
http://www.aifb.uni-karlsruhe.de/Publikationen/viewPublikationOWL/id1336instance,November
http://www.aifb.uni-karlsruhe.de/Publikationen/viewPublikationOWL/id1014instance,August
http://www.aifb.uni-karlsruhe.de/Publikationen/viewPublikationOWL/id1instance,November
http://www.aifb.uni-karlsruhe.de/Publikationen/viewPublikationOWL/id1217instance,July
http://www.aifb.uni-karlsruhe.de/Publikationen/viewPublikationOWL/id872instance,May
http://www.aifb.uni-karlsruhe.de/Publikationen/viewPublikationOWL/id980instance,September
http://www.aifb.uni-karlsruhe.de/Publikationen/viewPublikationOWL/id591instance,August
http://www.aifb.uni-karlsruhe.de/Publikationen/viewPublikationOWL/id951instance,August
http://www.aifb.uni-karlsruhe.de/Publikationen/viewPublikationOWL/id970instance,July
http://www.aifb.uni-karlsruhe.de/Publikationen/viewPublikationOWL/id977instance,August
http://www.aifb.uni-karlsruhe.de/Publikationen/viewPublikationOWL/id729instance,July
http://www.aifb.uni-karlsruhe.de/Publikationen/viewPublikationOWL/id838instance,May
http://www.aifb.uni-karlsruhe.de/Publikationen/viewPublikationOWL/id522instance,November
http://www.aifb.uni-karlsruhe.de/Publikationen/viewPublikationOWL/id1073instance,December
http://www.aifb.uni-karlsruhe.de/Publikationen/viewPublikationOWL/id1250instance,July
http://www.aifb.uni-karlsruhe.de/Publikationen/viewPublikationOWL/id1339instance,July
http://www.aifb.uni-karlsruhe.de/Publikationen/viewPublikationOWL/id1237instance,June
http://www.aifb.uni-karlsruhe.de/Publikationen/viewPublikationOWL/id307instance,January
http://www.aifb.uni-karlsruhe.de/Publikationen/viewPublikationOWL/id283instance,December
http://www.aifb.uni-karlsruhe.de/Publikationen/viewPublikationOWL/id568instance,March
http://www.aifb.uni-karlsruhe.de/Publikationen/viewPublikationOWL/id793instance,November
http://www.aifb.uni-karlsruhe.de/Publikationen/viewPublikationOWL/id1362instance,January
http://www.aifb.uni-karlsruhe.de/Publikationen/viewPublikationOWL/id901instance,November
http://www.aifb.uni-karlsruhe.de/Publikationen/viewPublikationOWL/id786instance,July
http://www.aifb.uni-karlsruhe.de/Publikationen/viewPublikationOWL/id754instance,November
http://www.aifb.uni-karlsruhe.de/Publikationen/viewPublikationOWL/id750instance,October
http://www.aifb.uni-karlsruhe.de/Publikationen/viewPublikationOWL/id260instance,December
http://www.aifb.uni-karlsruhe.de/Publikationen/viewPublikationOWL/id905instance,August
http://www.aifb.uni-karlsruhe.de/Publikationen/viewPublikationOWL/id23instance,January
http://www.aifb.uni-karlsruhe.de/Publikationen/viewPublikationOWL/id250instance,July
http://www.aifb.uni-karlsruhe.de/Publikationen/viewPublikationOWL/id231instance,September
http://www.aifb.uni-karlsruhe.de/Publikationen/viewPublikationOWL/id994instance,December
http://www.aifb.uni-karlsruhe.de/Publikationen/viewPublikationOWL/id701instance,November
http://www.aifb.uni-karlsruhe.de/Publikationen/viewPublikationOWL/id554instance,March
http://www.aifb.uni-karlsruhe.de/Publikationen/viewPublikationOWL/id1105instance,August
http://www.aifb.uni-karlsruhe.de/Publikationen/viewPublikationOWL/id280instance,September
http://www.aifb.uni-karlsruhe.de/Publikationen/viewPublikationOWL/id1326instance,August
http://www.aifb.uni-karlsruhe.de/Publikationen/viewPublikationOWL/id784instance,November
http://www.aifb.uni-karlsruhe.de/Publikationen/viewPublikationOWL/id272instance,September
http://www.aifb.uni-karlsruhe.de/Publikationen/viewPublikationOWL/id540instance,August
http://www.aifb.uni-karlsruhe.de/Publikationen/viewPublikationOWL/id1164instance,June
http://www.aifb.uni-karlsruhe.de/Publikationen/viewPublikationOWL/id815instance,September
http://www.aifb.uni-karlsruhe.de/Publikationen/viewPublikationOWL/id254instance,April
http://www.aifb.uni-karlsruhe.de/Publikationen/viewPublikationOWL/id290instance,August
http://www.aifb.uni-karlsruhe.de/Publikationen/viewPublikationOWL/id246instance,April
http://www.aifb.uni-karlsruhe.de/Publikationen/viewPublikationOWL/id1095instance,June
http://www.aifb.uni-karlsruhe.de/Publikationen/viewPublikationOWL/id808instance,February
http://www.aifb.uni-karlsruhe.de/Publikationen/viewPublikationOWL/id1005instance,October
http://www.aifb.uni-karlsruhe.de/Publikationen/viewPublikationOWL/id358instance,November
http://www.aifb.uni-karlsruhe.de/Publikationen/viewPublikationOWL/id1278instance,September
http://www.aifb.uni-karlsruhe.de/Publikationen/viewPublikationOWL/id835instance,May
http://www.aifb.uni-karlsruhe.de/Publikationen/viewPublikationOWL/id1063instance,May
http://www.aifb.uni-karlsruhe.de/Publikationen/viewPublikationOWL/id1330instance,October
http://www.aifb.uni-karlsruhe.de/Publikationen/viewPublikationOWL/id976instance,July
http://www.aifb.uni-karlsruhe.de/Publikationen/viewPublikationOWL/id542instance,May
http://www.aifb.uni-karlsruhe.de/Publikationen/viewPublikationOWL/id204instance,May
http://www.aifb.uni-karlsruhe.de/Publikationen/viewPublikationOWL/id873instance,March
http://www.aifb.uni-karlsruhe.de/Publikationen/viewPublikationOWL/id1226instance,July
http://www.aifb.uni-karlsruhe.de/Publikationen/viewPublikationOWL/id3instance,March
http://www.aifb.uni-karlsruhe.de/Publikationen/viewPublikationOWL/id352instance,March
http://www.aifb.uni-karlsruhe.de/Publikationen/viewPublikationOWL/id1253instance,July
http://www.aifb.uni-karlsruhe.de/Publikationen/viewPublikationOWL/id1140instance,September
http://www.aifb.uni-karlsruhe.de/Publikationen/viewPublikationOWL/id1044instance,November
http://www.aifb.uni-karlsruhe.de/Publikationen/viewPublikationOWL/id1027instance,November
http://www.aifb.uni-karlsruhe.de/Publikationen/viewPublikationOWL/id897instance,April
http://www.aifb.uni-karlsruhe.de/Publikationen/viewPublikationOWL/id288instance,July
http://www.aifb.uni-karlsruhe.de/Publikationen/viewPublikationOWL/id362instance,December
http://www.aifb.uni-karlsruhe.de/Publikationen/viewPublikationOWL/id667instance,January
http://www.aifb.uni-karlsruhe.de/Publikationen/viewPublikationOWL/id245instance,May
http://www.aifb.uni-karlsruhe.de/Publikationen/viewPublikationOWL/id1028instance,November
http://www.aifb.uni-karlsruhe.de/Publikationen/viewPublikationOWL/id1314instance,December
http://www.aifb.uni-karlsruhe.de/Publikationen/viewPublikationOWL/id952instance,May
http://www.aifb.uni-karlsruhe.de/Publikationen/viewPublikationOWL/id1142instance,October
http://www.aifb.uni-karlsruhe.de/Publikationen/viewPublikationOWL/id463instance,February
http://www.aifb.uni-karlsruhe.de/Publikationen/viewPublikationOWL/id502instance,September
http://www.aifb.uni-karlsruhe.de/Publikationen/viewPublikationOWL/id242instance,August
http://www.aifb.uni-karlsruhe.de/Publikationen/viewPublikationOWL/id882instance,April
http://www.aifb.uni-karlsruhe.de/Publikationen/viewPublikationOWL/id375instance,January
http://www.aifb.uni-karlsruhe.de/Publikationen/viewPublikationOWL/id282instance,November
http://www.aifb.uni-karlsruhe.de/Publikationen/viewPublikationOWL/id936instance,July
http://www.aifb.uni-karlsruhe.de/Publikationen/viewPublikationOWL/id960instance,June
http://www.aifb.uni-karlsruhe.de/Publikationen/viewPublikationOWL/id1169instance,January
http://www.aifb.uni-karlsruhe.de/Publikationen/viewPublikationOWL/id401instance,June
http://www.aifb.uni-karlsruhe.de/Publikationen/viewPublikationOWL/id953instance,November
http://www.aifb.uni-karlsruhe.de/Publikationen/viewPublikationOWL/id359instance,September
http://www.aifb.uni-karlsruhe.de/Publikationen/viewPublikationOWL/id1185instance,July
http://www.aifb.uni-karlsruhe.de/Publikationen/viewPublikationOWL/id657instance,July
http://www.aifb.uni-karlsruhe.de/Publikationen/viewPublikationOWL/id331instance,July
http://www.aifb.uni-karlsruhe.de/Publikationen/viewPublikationOWL/id376instance,September
http://www.aifb.uni-karlsruhe.de/Publikationen/viewPublikationOWL/id258instance,February
http://www.aifb.uni-karlsruhe.de/Publikationen/viewPublikationOWL/id1290instance,November
http://www.aifb.uni-karlsruhe.de/Publikationen/viewPublikationOWL/id1175instance,March
http://www.aifb.uni-karlsruhe.de/Publikationen/viewPublikationOWL/id1006instance,November
http://www.aifb.uni-karlsruhe.de/Publikationen/viewPublikationOWL/id428instance,March
http://www.aifb.uni-karlsruhe.de/Publikationen/viewPublikationOWL/id1123instance,December
http://www.aifb.uni-karlsruhe.de/Publikationen/viewPublikationOWL/id298instance,May
http://www.aifb.uni-karlsruhe.de/Publikationen/viewPublikationOWL/id605instance,August
http://www.aifb.uni-karlsruhe.de/Publikationen/viewPublikationOWL/id875instance,March
http://www.aifb.uni-karlsruhe.de/Publikationen/viewPublikationOWL/id1249instance,October
http://www.aifb.uni-karlsruhe.de/Publikationen/viewPublikationOWL/id603instance,August
http://www.aifb.uni-karlsruhe.de/Publikationen/viewPublikationOWL/id1030instance,December
http://www.aifb.uni-karlsruhe.de/Publikationen/viewPublikationOWL/id855instance,September
http://www.aifb.uni-karlsruhe.de/Publikationen/viewPublikationOWL/id1019instance,November
http://www.aifb.uni-karlsruhe.de/Publikationen/viewPublikationOWL/id443instance,May
http://www.aifb.uni-karlsruhe.de/Publikationen/viewPublikationOWL/id899instance,November
http://www.aifb.uni-karlsruhe.de/Publikationen/viewPublikationOWL/id406instance,September
http://www.aifb.uni-karlsruhe.de/Publikationen/viewPublikationOWL/id792instance,November
http://www.aifb.uni-karlsruhe.de/Publikationen/viewPublikationOWL/id281instance,March
http://www.aifb.uni-karlsruhe.de/Publikationen/viewPublikationOWL/id452instance,May
http://www.aifb.uni-karlsruhe.de/Publikationen/viewPublikationOWL/id90instance,January
http://www.aifb.uni-karlsruhe.de/Publikationen/viewPublikationOWL/id348instance,March
http://www.aifb.uni-karlsruhe.de/Publikationen/viewPublikationOWL/id1130instance,August
http://www.aifb.uni-karlsruhe.de/Publikationen/viewPublikationOWL/id446instance,August
http://www.aifb.uni-karlsruhe.de/Publikationen/viewPublikationOWL/id699instance,August
http://www.aifb.uni-karlsruhe.de/Publikationen/viewPublikationOWL/id1213instance,May
http://www.aifb.uni-karlsruhe.de/Publikationen/viewPublikationOWL/id775instance,January
http://www.aifb.uni-karlsruhe.de/Publikationen/viewPublikationOWL/id964instance,August
http://www.aifb.uni-karlsruhe.de/Publikationen/viewPublikationOWL/id432instance,July
http://www.aifb.uni-karlsruhe.de/Publikationen/viewPublikationOWL/id1369instance,June
http://www.aifb.uni-karlsruhe.de/Publikationen/viewPublikationOWL/id506instance,August
http://www.aifb.uni-karlsruhe.de/Publikationen/viewPublikationOWL/id663instance,September
http://www.aifb.uni-karlsruhe.de/Publikationen/viewPublikationOWL/id415instance,July
http://www.aifb.uni-karlsruhe.de/Publikationen/viewPublikationOWL/id867instance,February
http://www.aifb.uni-karlsruhe.de/Publikationen/viewPublikationOWL/id592instance,September
http://www.aifb.uni-karlsruhe.de/Publikationen/viewPublikationOWL/id1135instance,April
http://www.aifb.uni-karlsruhe.de/Publikationen/viewPublikationOWL/id329instance,October
http://www.aifb.uni-karlsruhe.de/Publikationen/viewPublikationOWL/id310instance,February
http://www.aifb.uni-karlsruhe.de/Publikationen/viewPublikationOWL/id380instance,October
http://www.aifb.uni-karlsruhe.de/Publikationen/viewPublikationOWL/id205instance,October
http://www.aifb.uni-karlsruhe.de/Publikationen/viewPublikationOWL/id1116instance,January
http://www.aifb.uni-karlsruhe.de/Publikationen/viewPublikationOWL/id871instance,October
http://www.aifb.uni-karlsruhe.de/Publikationen/viewPublikationOWL/id45instance,September
http://www.aifb.uni-karlsruhe.de/Publikationen/viewPublikationOWL/id377instance,September
http://www.aifb.uni-karlsruhe.de/Publikationen/viewPublikationOWL/id1048instance,May
http://www.aifb.uni-karlsruhe.de/Publikationen/viewPublikationOWL/id372instance,February
http://www.aifb.uni-karlsruhe.de/Publikationen/viewPublikationOWL/id1236instance,May
http://www.aifb.uni-karlsruhe.de/Publikationen/viewPublikationOWL/id1000instance,August
http://www.aifb.uni-karlsruhe.de/Publikationen/viewPublikationOWL/id61instance,April
http://www.aifb.uni-karlsruhe.de/Publikationen/viewPublikationOWL/id291instance,February
http://www.aifb.uni-karlsruhe.de/Publikationen/viewPublikationOWL/id253instance,February
http://www.aifb.uni-karlsruhe.de/Publikationen/viewPublikationOWL/id1131instance,January
http://www.aifb.uni-karlsruhe.de/Publikationen/viewPublikationOWL/id293instance,May
http://www.aifb.uni-karlsruhe.de/Publikationen/viewPublikationOWL/id1264instance,June
http://www.aifb.uni-karlsruhe.de/Publikationen/viewPublikationOWL/id513instance,October
http://www.aifb.uni-karlsruhe.de/Publikationen/viewPublikationOWL/id1283instance,November
http://www.aifb.uni-karlsruhe.de/Publikationen/viewPublikationOWL/id888instance,February
http://www.aifb.uni-karlsruhe.de/Publikationen/viewPublikationOWL/id445instance,April
http://www.aifb.uni-karlsruhe.de/Publikationen/viewPublikationOWL/id624instance,June
http://www.aifb.uni-karlsruhe.de/Publikationen/viewPublikationOWL/id822instance,July
http://www.aifb.uni-karlsruhe.de/Publikationen/viewPublikationOWL/id928instance,February
http://www.aifb.uni-karlsruhe.de/Publikationen/viewPublikationOWL/id292instance,February
http://www.aifb.uni-karlsruhe.de/Publikationen/viewPublikationOWL/id391instance,February
http://www.aifb.uni-karlsruhe.de/Publikationen/viewPublikationOWL/id1093instance,December
http://www.aifb.uni-karlsruhe.de/Publikationen/viewPublikationOWL/id878instance,September
http://www.aifb.uni-karlsruhe.de/Publikationen/viewPublikationOWL/id1201instance,June
http://www.aifb.uni-karlsruhe.de/Publikationen/viewPublikationOWL/id1119instance,May
http://www.aifb.uni-karlsruhe.de/Publikationen/viewPublikationOWL/id601instance,May
http://www.aifb.uni-karlsruhe.de/Publikationen/viewPublikationOWL/id1359instance,May
http://www.aifb.uni-karlsruhe.de/Publikationen/viewPublikationOWL/id945instance,May
http://www.aifb.uni-karlsruhe.de/Publikationen/viewPublikationOWL/id1143instance,February
http://www.aifb.uni-karlsruhe.de/Publikationen/viewPublikationOWL/id235instance,May
http://www.aifb.uni-karlsruhe.de/Publikationen/viewPublikationOWL/id461instance,September
http://www.aifb.uni-karlsruhe.de/Publikationen/viewPublikationOWL/id819instance,November
http://www.aifb.uni-karlsruhe.de/Publikationen/viewPublikationOWL/id1344instance,June
http://www.aifb.uni-karlsruhe.de/Publikationen/viewPublikationOWL/id1181instance,June
http://www.aifb.uni-karlsruhe.de/Publikationen/viewPublikationOWL/id1137instance,May
http://www.aifb.uni-karlsruhe.de/Publikationen/viewPublikationOWL/id973instance,August
http://www.aifb.uni-karlsruhe.de/Publikationen/viewPublikationOWL/id933instance,November
http://www.aifb.uni-karlsruhe.de/Publikationen/viewPublikationOWL/id456instance,January
http://www.aifb.uni-karlsruhe.de/Publikationen/viewPublikationOWL/id1311instance,September
http://www.aifb.uni-karlsruhe.de/Publikationen/viewPublikationOWL/id1291instance,November
http://www.aifb.uni-karlsruhe.de/Publikationen/viewPublikationOWL/id462instance,September
http://www.aifb.uni-karlsruhe.de/Publikationen/viewPublikationOWL/id311instance,May
http://www.aifb.uni-karlsruhe.de/Publikationen/viewPublikationOWL/id1223instance,May
http://www.aifb.uni-karlsruhe.de/Publikationen/viewPublikationOWL/id1216instance,July
http://www.aifb.uni-karlsruhe.de/Publikationen/viewPublikationOWL/id649instance,March
http://www.aifb.uni-karlsruhe.de/Publikationen/viewPublikationOWL/id1211instance,June
http://www.aifb.uni-karlsruhe.de/Publikationen/viewPublikationOWL/id1103instance,November
http://www.aifb.uni-karlsruhe.de/Publikationen/viewPublikationOWL/id1243instance,September
http://www.aifb.uni-karlsruhe.de/Publikationen/viewPublikationOWL/id455instance,March
http://www.aifb.uni-karlsruhe.de/Publikationen/viewPublikationOWL/id1099instance,December
http://www.aifb.uni-karlsruhe.de/Publikationen/viewPublikationOWL/id91instance,April
http://www.aifb.uni-karlsruhe.de/Publikationen/viewPublikationOWL/id1269instance,August
http://www.aifb.uni-karlsruhe.de/Publikationen/viewPublikationOWL/id966instance,June
http://www.aifb.uni-karlsruhe.de/Publikationen/viewPublikationOWL/id1315instance,October
http://www.aifb.uni-karlsruhe.de/Publikationen/viewPublikationOWL/id433instance,July
http://www.aifb.uni-karlsruhe.de/Publikationen/viewPublikationOWL/id1046instance,November
http://www.aifb.uni-karlsruhe.de/Publikationen/viewPublikationOWL/id695instance,November
http://www.aifb.uni-karlsruhe.de/Publikationen/viewPublikationOWL/id1136instance,June
http://www.aifb.uni-karlsruhe.de/Publikationen/viewPublikationOWL/id836instance,September
http://www.aifb.uni-karlsruhe.de/Publikationen/viewPublikationOWL/id982instance,November
http://www.aifb.uni-karlsruhe.de/Publikationen/viewPublikationOWL/id389instance,October
http://www.aifb.uni-karlsruhe.de/Publikationen/viewPublikationOWL/id256instance,December
http://www.aifb.uni-karlsruhe.de/Publikationen/viewPublikationOWL/id666instance,January
http://www.aifb.uni-karlsruhe.de/Publikationen/viewPublikationOWL/id785instance,October
http://www.aifb.uni-karlsruhe.de/Publikationen/viewPublikationOWL/id1342instance,March
http://www.aifb.uni-karlsruhe.de/Publikationen/viewPublikationOWL/id1110instance,August
http://www.aifb.uni-karlsruhe.de/Publikationen/viewPublikationOWL/id1098instance,November
http://www.aifb.uni-karlsruhe.de/Publikationen/viewPublikationOWL/id830instance,December
http://www.aifb.uni-karlsruhe.de/Publikationen/viewPublikationOWL/id1337instance,February
http://www.aifb.uni-karlsruhe.de/Publikationen/viewPublikationOWL/id843instance,October
http://www.aifb.uni-karlsruhe.de/Publikationen/viewPublikationOWL/id1107instance,January
http://www.aifb.uni-karlsruhe.de/Publikationen/viewPublikationOWL/id995instance,April
http://www.aifb.uni-karlsruhe.de/Publikationen/viewPublikationOWL/id1260instance,August
http://www.aifb.uni-karlsruhe.de/Publikationen/viewPublikationOWL/id669instance,September
http://www.aifb.uni-karlsruhe.de/Publikationen/viewPublikationOWL/id814instance,September
http://www.aifb.uni-karlsruhe.de/Publikationen/viewPublikationOWL/id992instance,July
http://www.aifb.uni-karlsruhe.de/Publikationen/viewPublikationOWL/id345instance,May
http://www.aifb.uni-karlsruhe.de/Publikationen/viewPublikationOWL/id697instance,June
http://www.aifb.uni-karlsruhe.de/Publikationen/viewPublikationOWL/id968instance,July
http://www.aifb.uni-karlsruhe.de/Publikationen/viewPublikationOWL/id615instance,November
